<?xml version="1.0" encoding="UTF-8"?>

<!DOCTYPE hibernate-mapping PUBLIC
	"-//Hibernate/Hibernate Mapping DTD 3.0//EN"
	"http://www.hibernate.org/dtd/hibernate-mapping-3.0.dtd">

<hibernate-mapping>
	<class name = "mod10.assignment.bean.Student" table="Student" schema ="devuser">
	<id name ="studentId" column = "id">
	<generator class="increment"></generator>
	</id>
	<property name="studentName" column="name"/>
	<property name="marks" column="marks"/>	
	</class>
</hibernate-mapping>
