<?xml version="1.0" encoding="UTF-8"?>
<!DOCTYPE hibernate-configuration PUBLIC
        "-//Hibernate/Hibernate Configuration DTD 3.0//EN"
        "http://www.hibernate.org/dtd/hibernate-configuration-3.0.dtd">

<hibernate-configuration>

	<session-factory>
		<!-- Database connection properties -->
		<property name="hbm2ddl.auto">update</property>
		<property name="hibernate.connection.driver_class">oracle.jdbc.driver.OracleDriver</property>
		<property name="hibernate.connection.url">jdbc:oracle:thin:@localhost:1521:XE</property>
		<property name="hibernate.connection.username">devuser</property>
		<property name="hibernate.connection.password">pwd</property>

		<!-- Hibernate Properties -->
		<property name="hibernate.dialect">org.hibernate.dialect.Oracle10gDialect</property>

		<property name="show_sql">true</property>

		<!-- Including Mapping details -->
		<mapping resource="mod10/assignment/config/students.hbm.xml" />

	</session-factory>


</hibernate-configuration>

    