{
	"info": {
		"_postman_id": "a34e69d7-72c0-40c7-a4b4-f76f7afa3b09",
		"name": "Countrynew",
		"schema": "https://schema.getpostman.com/json/collection/v2.1.0/collection.json"
	},
	"item": [
		{
			"name": "get all countries",
			"request": {
				"method": "GET",
				"header": [],
				"url": {
					"raw": "http://localhost:8108/Restwebservice/countries",
					"protocol": "http",
					"host": [
						"localhost"
					],
					"port": "8108",
					"path": [
						"Restwebservice",
						"countries"
					]
				}
			},
			"response": []
		},
		{
			"name": "Add countries",
			"request": {
				"method": "POST",
				"header": [],
				"body": {
					"mode": "raw",
					"raw": "{\r\n    \"id\": 10,\r\n    \"name\": \"Japan\"\r\n}",
					"options": {
						"raw": {
							"language": "json"
						}
					}
				},
				"url": {
					"raw": "http://localhost:8108/Restwebservice/addcountries",
					"protocol": "http",
					"host": [
						"localhost"
					],
					"port": "8108",
					"path": [
						"Restwebservice",
						"addcountries"
					]
				}
			},
			"response": []
		},
		{
			"name": "Get Country by id",
			"request": {
				"method": "GET",
				"header": [],
				"url": {
					"raw": "http://localhost:8108/Restwebservice/getcountrybyid?id=6",
					"protocol": "http",
					"host": [
						"localhost"
					],
					"port": "8108",
					"path": [
						"Restwebservice",
						"getcountrybyid"
					],
					"query": [
						{
							"key": "id",
							"value": "6"
						}
					]
				}
			},
			"response": []
		},
		{
			"name": "Delete Country",
			"request": {
				"method": "DELETE",
				"header": [],
				"url": {
					"raw": "http://localhost:8108/Restwebservice//delcountry/3",
					"protocol": "http",
					"host": [
						"localhost"
					],
					"port": "8108",
					"path": [
						"Restwebservice",
						"",
						"delcountry",
						"3"
					]
				}
			},
			"response": []
		},
		{
			"name": "Update country",
			"request": {
				"method": "GET",
				"header": [],
				"url": null
			},
			"response": []
		}
	]
}