<?xml version="1.0" encoding="UTF-8"?>
<beans xmlns="http://www.springframework.org/schema/beans"
	xmlns:xsi="http://www.w3.org/2001/XMLSchema-instance"
	xsi:schemaLocation="http://www.springframework.org/schema/beans http://www.springframework.org/schema/beans/spring-beans.xsd">

	<bean id="ds"
		class="org.springframework.jdbc.datasource.DriverManagerDataSource">
		<property name="driverClassName"
			value="oracle.jdbc.driver.OracleDriver"></property>
		<property name="url"
			value="jdbc:oracle:thin:@localhost:1521:XE"></property>
		<property name="username" value="devuser"></property>
		<property name="password" value="pwd"></property>
	</bean>
	
	<bean id="template" class="org.springframework.jdbc.core.JdbcTemplate">
	<property name = "dataSource" ref = "ds"></property>
	</bean>
	
	<bean id = "mobiledao" class="co.mod12.spring.MobileDAOImpl">
	<property name="jdtemp" ref="template"></property>
	</bean>


</beans>
