<?xml version="1.0" encoding="UTF-8"?>
<beans xmlns="http://www.springframework.org/schema/beans"
	xmlns:xsi="http://www.w3.org/2001/XMLSchema-instance"
	xmlns:aop="http://www.springframework.org/schema/aop"
	xmlns:context="http://www.springframework.org/schema/context"
	xmlns:tx="http://www.springframework.org/schema/tx"
	xsi:schemaLocation="http://www.springframework.org/schema/beans http://www.springframework.org/schema/beans/spring-beans.xsd
		http://www.springframework.org/schema/aop http://www.springframework.org/schema/aop/spring-aop-4.3.xsd
		http://www.springframework.org/schema/context http://www.springframework.org/schema/context/spring-context-4.3.xsd
		http://www.springframework.org/schema/lang http://www.springframework.org/schema/lang/spring-lang-4.3.xsd
		http://www.springframework.org/schema/tx http://www.springframework.org/schema/tx/spring-tx-4.3.xsd
		http://www.springframework.org/schema/util http://www.springframework.org/schema/util/spring-util-4.3.xsd">
	<context:annotation-config> </context:annotation-config>
	
	<bean id="ds"
		class="org.springframework.jdbc.datasource.DriverManagerDataSource">
		<property name="driverClassName"
			value="oracle.jdbc.driver.OracleDriver"></property>
		<property name="url"
			value="jdbc:oracle:thin:@localhost:1521:XE"></property>
		<property name="username" value="devuser"></property>
		<property name="password" value="pwd"></property>
	</bean>
	<bean id="mysessionFactory"
		class="org.springframework.orm.hibernate5.LocalSessionFactoryBean">
		<property name="dataSource" ref="ds"></property>
		<property name="annotatedClasses">
			<list>
				<value>mod11.spring.hibernate.Employee</value>
			</list>
		</property>
		<property name="hibernateProperties">
			<props>
				<prop key="hibernate.dialect"> org.hibernate.dialect.Oracle10gDialect</prop>
				<prop key="hibernate.hbm2ddl.auto">update</prop>
				<prop key="show_sql">true</prop>
			</props>
		</property>
	</bean>

	<bean id="template"
		class="org.springframework.orm.hibernate5.HibernateTemplate">
		<property name="sessionFactory" ref="mysessionFactory"></property>
	</bean>
	<bean id="empdao" class="mod11.spring.hibernate.EmployeeDAO">
		<property name="ht" ref="template"></property>
	</bean>
	<tx:annotation-driven
		transaction-manager="transactionManager" />
	<bean id="transactionManager"
		class="org.springframework.orm.hibernate5.HibernateTransactionManager">
		<property name="sessionFactory" ref="mysessionFactory"></property>
	</bean>

</beans>
